{
  "id": "1657232",
  "name": "qunaer",
  "font_family": "iconfont",
  "css_prefix_text": "icon",
  "description": "",
  "glyphs": [
    {
      "icon_id": "594384",
      "name": "照片",
      "font_class": "zhaopian",
      "unicode": "e640",
      "unicode_decimal": 58944
    },
    {
      "icon_id": "166596",
      "name": "定位",
      "font_class": "dingwei",
      "unicode": "e617",
      "unicode_decimal": 58903
    },
    {
      "icon_id": "781634",
      "name": "下箭头",
      "font_class": "sanjiaodown",
      "unicode": "e6b5",
      "unicode_decimal": 59061
    },
    {
      "icon_id": "1009220",
      "name": "火",
      "font_class": "huo",
      "unicode": "e6a0",
      "unicode_decimal": 59040
    },
    {
      "icon_id": "1724846",
      "name": "红心",
      "font_class": "hongxin",
      "unicode": "e60c",
      "unicode_decimal": 58892
    },
    {
      "icon_id": "3216135",
      "name": "垃圾桶",
      "font_class": "icon--",
      "unicode": "e73d",
      "unicode_decimal": 59197
    },
    {
      "icon_id": "5327437",
      "name": "地球",
      "font_class": "diqiu",
      "unicode": "e6f2",
      "unicode_decimal": 59122
    },
    {
      "icon_id": "8361840",
      "name": "刷新",
      "font_class": "shuaxin",
      "unicode": "e6cd",
      "unicode_decimal": 59085
    },
    {
      "icon_id": "12660046",
      "name": "放大镜",
      "font_class": "fangdajing",
      "unicode": "e662",
      "unicode_decimal": 58978
    },
    {
      "icon_id": "12978146",
      "name": "左箭头",
      "font_class": "zuojiantou",
      "unicode": "e618",
      "unicode_decimal": 58904
    }
  ]
}
